Trial_ID,Well_ID,Animal_ID,NumBout,BoutStart,BoutEnd,Condition,Genotype,videoDuration,Bout Duration (s),Bout Distance (mm),Bout Speed (mm/s),Angular Velocity (deg/s),Max TBF (Hz),Mean TBF (Hz),medianOfInstantaneousTBF,Mean TBF (Hz) (based on first 4 bends),Mean TBF (Hz) (based on first 6 bends),Max absolute TBA (deg.),maxBendAmplitudeSigned,Mean absolute TBA (deg.),Median absolute TBA (deg.),medianBendAmplitudeSigned,Number of Oscillations,meanTBF,maxTailAngleAmplitude,Absolute Yaw (deg),Signed Yaw (deg),TBA#1 timing (s),TBA#1 Amplitude (deg),firstBendAmplitudeSigned,IBI (s),xmean,ymean,binaryClass25degMaxTailAngle,tailAngleIntegralSigned,BoutFrameNumberStart,tailAngleSymmetry,secondBendAmpDividedByFirst,tailAngleIntegral,maxInstantaneousSpeed
F2_T2_pre_2024_07_03-20_45_56.h5,0,0,46,5884,5952,es,o,59.99,0.69,340.9605963,501.4126416,0.349351976,2.631578947,2.631578947,2.631578947,2.631578947,2.631578947,47.4998733,47.4998733,47.4998733,47.4998733,47.4998733,0.5,0.724637681,47.4998733,0.004121813,-0.004121813,0.19,47.4998733,47.4998733,0.81,541.4275309,42814.03616,1,354.5609032,5884,0.389746709,,740.4695949,24830.99802
F2_T2_pre_2024_07_03-20_45_56.h5,0,0,45,5757,5803,es,o,59.99,0.47,365.9400985,795.5219532,0.605173948,,,,,,,,,,,0.0,0.0,18.08026334,0.339339688,-0.339339688,,,,0.64,541.7158959,42810.6659,0,78.81582067,5757,0.868608794,,331.9803339,12243.41656
F2_T2_pre_2024_07_03-20_45_56.h5,0,0,20,2578,2637,es,o,59.99,0.6,442.4808754,749.9675854,0.524397811,2.777777778,2.124183007,2.124183007,2.124183007,2.124183007,16.52403994,16.52403994,12.09725926,12.09725926,12.09725926,1.0,1.666666667,48.33408787,1.091132794,1.091132794,0.34,16.52403994,16.52403994,0.33,542.0673791,42816.62436,1,336.4102002,2578,0.268214206,0.464201164,654.4293511,14747.08303
F2_T2_pre_2024_07_03-20_45_56.h5,0,0,19,2506,2545,es,o,59.99,0.4,435.5474437,1116.788317,0.792276491,4.166666667,3.273809524,3.273809524,3.273809524,3.273809524,7.2219888,-7.2219888,5.542425333,5.542425333,-5.542425333,1.0,2.5,9.999841144,0.383225232,0.383225232,0.21,7.2219888,-7.2219888,0.65,541.6073131,42803.89495,0,5.535693368,2506,0.870573597,0.534875084,203.4323826,18151.54834
F2_T2_pre_2024_07_03-20_45_56.h5,0,0,18,2378,2441,es,o,59.99,0.64,400.1124962,635.0992004,0.452623757,16.66666667,9.452421171,9.895833333,9.452421171,9.452421171,6.756836329,-6.756836329,5.603756067,5.487437559,-0.037256201,2.0,3.125,10.00261909,1.553067571,1.553067571,0.37,6.217049897,6.217049897,0.48,542.4461539,42811.60003,0,-59.84582636,2378,0.917406412,-0.765286639,311.5339188,7120.260131
F2_T2_pre_2024_07_03-20_45_56.h5,0,0,17,2265,2330,es,o,59.99,0.66,425.2578908,654.242909,0.482937396,16.66666667,6.851851852,2.5,6.851851852,6.851851852,8.454336574,8.454336574,6.675747715,6.386996163,5.185910409,1.5,2.272727273,12.03784381,0.22449328,0.22449328,0.36,8.454336574,8.454336574,0.69,542.5650242,42815.32949,0,-60.77132478,2265,0.705872068,-0.755469824,368.2151752,18092.45894
F2_T2_pre_2024_07_03-20_45_56.h5,0,0,16,2156,2196,es,o,59.99,0.41,280.2733707,700.6834267,0.509249593,,,,,,,,,,,0.0,0.0,11.99847277,0.25702678,0.25702678,,,,0.51,542.3761674,42811.85591,0,-40.63558473,2156,0.805537555,,229.3430882,8803.357079
F2_T2_pre_2024_07_03-20_45_56.h5,0,0,15,2060,2105,es,o,59.99,0.46,96.06498079,213.4777351,0.153229006,,,,,,,,,,,0.0,0.0,12.61857098,0.582824966,0.582824966,,,,1.11,542.7098656,42819.36703,0,-57.2357885,2060,0.647407973,,233.1583786,5475.573531
F2_T2_pre_2024_07_03-20_45_56.h5,0,0,14,1889,1949,es,o,59.99,0.61,387.2095782,645.349297,0.438617991,2.941176471,2.941176471,2.941176471,2.941176471,2.941176471,34.70774674,34.70774674,34.70774674,34.70774674,34.70774674,0.5,0.819672131,34.70774674,0.256675522,0.256675522,0.17,34.70774674,34.70774674,0.75,540.6861619,42808.5022,1,184.9912356,1889,0.415036602,,544.1893029,17798.16139
F2_T2_pre_2024_07_03-20_45_56.h5,0,0,13,1759,1814,es,o,59.99,0.56,337.2693716,613.2170392,0.437711874,2.941176471,2.332657201,2.332657201,2.332657201,2.332657201,7.474525307,7.474525307,7.010679218,7.010679218,7.010679218,1.0,1.785714286,11.83285236,0.190193796,0.190193796,0.29,6.546833128,6.546833128,0.64,542.4710717,42811.64073,0,13.30647988,1759,0.955402742,1.141700905,310.5759821,14791.66361
F2_T2_pre_2024_07_03-20_45_56.h5,0,0,12,1645,1695,es,o,59.99,0.51,366.2064213,732.4128427,0.554945341,8.333333333,6.093189964,8.333333333,6.093189964,6.093189964,9.611620899,9.611620899,7.089443272,6.407561642,6.407561642,1.5,2.941176471,12.4297257,0.301527294,0.301527294,0.31,9.611620899,9.611620899,0.8,541.9722083,42808.14513,0,11.07264112,1645,0.838903767,0.546125084,277.6334266,21356.23459
F2_T2_pre_2024_07_03-20_45_56.h5,0,0,11,1524,1565,es,o,59.99,0.42,330.3622768,805.7616507,0.575496537,,,,,,,,,,,0.0,0.0,12.99671431,0.212230849,0.212230849,,,,0.53,541.4759498,42811.64157,0,-36.92801752,1524,0.917312476,,261.613444,16755.50425
F2_T2_pre_2024_07_03-20_45_56.h5,0,0,10,1397,1471,es,o,59.99,0.75,338.5446326,457.4927467,0.338720901,16.66666667,7.972222222,5.555555556,6.402777778,7.972222222,10.15887285,-10.15887285,7.930920012,7.791125113,-1.556105264,3.0,4.0,10.32251755,0.275645149,0.275645149,0.25,5.538272116,5.538272116,0.65,542.4922631,42814.32764,0,-123.6083795,1397,0.671519089,-1.834303667,378.004035,14647.05681
F2_T2_pre_2024_07_03-20_45_56.h5,0,0,9,1243,1332,es,o,59.99,0.9,439.8549733,494.2190712,0.350921461,16.66666667,8.844627595,8.333333333,8.653846154,8.844627595,9.071395738,-9.071395738,6.947284374,6.93750449,5.379755922,3.0,3.333333333,12.23604148,1.543275122,1.543275122,0.39,7.977789686,7.977789686,0.62,541.2646641,42819.31387,0,-32.83806793,1243,0.87627511,0.615463753,517.4631885,6467.640079
F2_T2_pre_2024_07_03-20_45_56.h5,0,0,8,1146,1181,es,o,59.99,0.36,239.8432314,685.2663755,0.470739883,1.851851852,1.851851852,1.851851852,1.851851852,1.851851852,7.068750656,7.068750656,7.068750656,7.068750656,7.068750656,0.5,1.388888889,11.91553355,0.169759241,-0.169759241,0.27,7.068750656,7.068750656,0.51,540.5611551,42817.89391,0,-23.00117576,1146,0.640807843,,189.0161218,11517.1744
F2_T2_pre_2024_07_03-20_45_56.h5,0,0,7,1058,1095,es,o,59.99,0.38,176.5135506,477.0636503,0.324653581,,,,,,,,,,,0.0,0.0,11.76931436,0.526827642,-0.526827642,,,,1.05,539.3844922,42818.36336,0,-34.95202053,1058,0.676672378,,180.7849048,5804.743958
F2_T2_pre_2024_07_03-20_45_56.h5,0,0,6,849,953,es,o,59.99,1.05,501.2192394,481.9415763,0.322602512,16.66666667,8.437455655,5.555555556,3.845386335,8.119146445,9.369719152,-9.369719152,7.978509898,8.076700411,6.530936111,4.5,4.285714286,10.59240105,0.164331296,-0.164331296,0.29,6.530936111,6.530936111,1.58,542.1943205,42819.72416,0,13.53034489,849,0.923786885,-1.394216099,570.8390858,5378.929681
F2_T2_pre_2024_07_03-20_45_56.h5,0,0,5,642,691,es,o,59.99,0.5,416.6502618,850.3066567,0.613333302,16.66666667,9.087301587,8.333333333,7.192460317,9.087301587,58.82781609,58.82781609,20.02907717,12.5299593,12.5299593,2.5,5.0,58.82781609,0.372705094,-0.372705094,0.06,58.82781609,58.82781609,0.4,540.935295,42815.30794,1,381.9893548,642,0.413243691,-0.159096461,654.8768587,24586.71217
F2_T2_pre_2024_07_03-20_45_56.h5,0,0,4,526,602,es,o,59.99,0.77,576.957811,759.1550144,0.551411517,12.5,5.666666667,5.555555556,3.958333333,5.666666667,9.200781163,-9.200781163,6.532861082,6.81435277,3.507738289,2.5,3.246753247,10.86826142,0.370243977,0.370243977,0.36,8.200094725,8.200094725,0.72,542.0030561,42808.87625,0,-65.59464604,526,0.776573743,-1.122033522,412.9630703,18182.70616
F2_T2_pre_2024_07_03-20_45_56.h5,0,0,3,377,454,es,o,59.99,0.78,471.0130223,611.7052238,0.446944681,16.66666667,8.208061002,5.555555556,7.312091503,8.208061002,9.789044654,-9.789044654,6.994740932,5.851679683,-0.279906158,3.0,3.846153846,11.09250837,0.402630873,0.402630873,0.34,5.310440146,5.310440146,0.54,542.5951763,42814.02331,0,-124.4859615,377,0.644229188,-1.843358438,435.0890391,15756.51422
F2_T2_pre_2024_07_03-20_45_56.h5,0,0,2,281,323,es,o,59.99,0.43,217.1028489,516.911545,0.393804909,1.315789474,1.315789474,1.315789474,1.315789474,1.315789474,6.95479465,-6.95479465,6.95479465,6.95479465,-6.95479465,0.5,1.162790698,11.80444795,0.162221397,0.162221397,0.38,6.95479465,-6.95479465,0.73,542.5665738,42811.69042,0,-9.221487655,281,0.72959221,,230.2125376,8109.565484
F2_T2_pre_2024_07_03-20_45_56.h5,0,0,21,2788,2839,es,o,59.99,0.52,350.9901761,688.2160315,0.485528775,1.041666667,1.041666667,1.041666667,1.041666667,1.041666667,2.943514011,-2.943514011,2.943514011,2.943514011,-2.943514011,0.5,0.961538462,11.46213715,0.001354983,0.001354983,0.48,2.943514011,-2.943514011,1.51,542.015229,42813.1515,0,11.58613635,2788,0.943549483,,281.6824444,5664.179932
F2_T2_pre_2024_07_03-20_45_56.h5,0,0,22,2892,2941,es,o,59.99,0.5,317.9143034,648.8047009,0.476202153,,,,,,,,,,,0.0,0.0,9.866203644,0.116056747,-0.116056747,,,,0.53,542.3807183,42813.50692,0,-7.727012685,2892,0.987664036,,264.7201735,6882.399251
F2_T2_pre_2024_07_03-20_45_56.h5,0,0,23,2993,3097,es,o,59.99,1.05,630.1974568,605.9590931,0.441154364,16.66666667,10.36375661,12.5,5.909391534,8.800705467,8.714407137,8.714407137,5.620398835,6.091148925,0.358806318,5.0,4.761904762,12.2524471,0.193444695,0.193444695,0.28,8.714407137,8.714407137,0.52,542.2581948,42806.83979,0,-93.14146743,2993,0.711238095,-0.279495109,502.0325728,11146.28469
F2_T2_pre_2024_07_03-20_45_56.h5,0,0,24,3147,3181,es,o,59.99,0.35,276.3120743,812.6825715,0.623659893,,,,,,,,,,,0.0,0.0,11.70043352,0.197456464,0.197456464,,,,0.5,542.9118085,42812.82689,0,-11.31903235,3147,0.929816638,,190.5412687,14772.84922
F2_T2_pre_2024_07_03-20_45_56.h5,0,0,44,5642,5693,es,o,59.99,0.52,158.2239622,310.2430631,0.212857367,,,,,,,,,,,0.0,0.0,17.33792404,0.030059915,-0.030059915,,,,0.67,541.295109,42816.16099,0,72.06088864,5642,0.706741014,,428.7801476,8344.470947
F2_T2_pre_2024_07_03-20_45_56.h5,0,0,43,5520,5575,es,o,59.99,0.56,260.2587172,473.1976677,0.334207921,16.66666667,10.01984127,10.41666667,7.738095238,10.01984127,6.758803345,6.758803345,5.218592876,4.925773872,4.903453049,3.0,5.357142857,11.65779126,0.101399805,-0.101399805,0.28,6.758803345,6.758803345,0.85,542.3138861,42812.71978,0,33.51416892,5520,0.951166296,0.81096561,279.0522448,5201.896803
F2_T2_pre_2024_07_03-20_45_56.h5,0,0,42,5374,5435,es,o,59.99,0.62,300.3016604,492.297804,0.347751352,1.923076923,1.923076923,1.923076923,1.923076923,1.923076923,9.76172369,9.76172369,9.76172369,9.76172369,9.76172369,0.5,0.806451613,17.32490811,0.092417447,0.092417447,0.26,9.76172369,9.76172369,0.71,541.3798709,42818.54952,0,43.04606087,5374,0.82831623,,448.8202732,7588.564732
F2_T2_pre_2024_07_03-20_45_56.h5,0,0,41,5267,5303,es,o,59.99,0.37,143.7397309,399.2770303,0.272291679,1.5625,1.5625,1.5625,1.5625,1.5625,3.677788168,-3.677788168,3.677788168,3.677788168,-3.677788168,0.5,1.351351351,12.33621695,0.203567761,-0.203567761,0.32,3.677788168,-3.677788168,0.99,541.8625134,42807.72697,0,15.50849428,5267,0.865292526,,204.6356366,8551.104623
F2_T2_pre_2024_07_03-20_45_56.h5,0,0,40,5112,5168,es,o,59.99,0.57,234.593727,418.9173696,0.296027945,0.943396226,0.943396226,0.943396226,0.943396226,0.943396226,9.445997051,9.445997051,9.445997051,9.445997051,9.445997051,0.5,0.877192982,34.70587785,0.081375047,0.081375047,0.53,9.445997051,9.445997051,0.7,540.485284,42817.26302,1,56.88734437,5112,0.523949979,,539.4437614,8340.427332
F2_T2_pre_2024_07_03-20_45_56.h5,0,0,39,5001,5042,es,o,59.99,0.42,95.66910954,233.3392916,0.143020459,,,,,,,,,,,0.0,0.0,13.09110188,0.052301544,0.052301544,,,,0.5,541.6308599,42819.73425,0,-7.992880572,5001,0.990805344,,265.5828406,9566.365154
F2_T2_pre_2024_07_03-20_45_56.h5,0,0,38,4905,4951,es,o,59.99,0.47,248.1234061,539.3987089,0.405203467,16.66666667,9.027777778,9.027777778,9.027777778,9.027777778,5.707762725,5.707762725,4.581467435,4.581467435,1.12629529,1.0,2.127659574,13.19402549,0.052468294,-0.052468294,0.36,5.707762725,5.707762725,0.94,541.4326476,42817.62305,0,43.32022206,4905,0.845031949,-0.605346142,253.3037218,6785.24542
F2_T2_pre_2024_07_03-20_45_56.h5,0,0,37,4759,4811,es,o,59.99,0.53,160.830625,309.2896634,0.20071533,,,,,,,,,,,0.0,0.0,29.56692172,0.009273015,0.009273015,,,,0.38,539.9023171,42819.17275,1,287.1769364,4759,0.358392546,,497.5026506,7826.955624
F2_T2_pre_2024_07_03-20_45_56.h5,0,0,36,4660,4721,es,o,59.99,0.62,91.69307332,150.3165136,0.06954959,16.66666667,11.89922481,12.5,10.70736434,11.89922481,4.995585235,4.995585235,4.024594242,4.343195261,2.794401327,2.5,4.032258065,15.36408751,0.135695842,0.135695842,0.43,4.995585235,4.995585235,1.04,539.4966211,42821.62186,0,28.33298635,4660,0.665215045,-0.680380833,332.8833493,6615.23959
F2_T2_pre_2024_07_03-20_45_56.h5,0,0,35,4499,4556,es,o,59.99,0.58,130.1964025,228.4147412,0.128100721,2.941176471,2.16503268,2.16503268,2.16503268,2.16503268,38.91190765,38.91190765,22.12825686,22.12825686,16.78365079,1.0,1.724137931,38.91190765,0.005211268,-0.005211268,0.17,38.91190765,38.91190765,0.53,538.8988112,42827.06187,1,242.4080862,4499,0.378191326,-0.137351428,548.0513688,3166.801029
F2_T2_pre_2024_07_03-20_45_56.h5,0,0,33,4302,4347,es,o,59.99,0.46,61.14098479,135.8688551,0.078854833,,,,,,,,,,,0.0,0.0,8.654759757,1.344393116,1.344393116,,,,0.91,538.635944,42824.24908,0,4.975025134,4302,0.960309092,,198.5916254,1867.883611
F2_T2_pre_2024_07_03-20_45_56.h5,0,0,32,4159,4211,es,o,59.99,0.53,110.6651184,212.8175354,0.109297927,,,,,,,,,,,0.0,0.0,19.75670124,0.130038882,0.130038882,,,,0.71,538.3811209,42823.9994,0,147.0331202,4159,0.635469863,,412.7143048,3366.875103
F2_T2_pre_2024_07_03-20_45_56.h5,0,0,31,4009,4088,es,o,59.99,0.8,364.6553335,461.5890297,0.321027428,16.66666667,6.171183889,2.922077922,6.171183889,6.171183889,9.06178552,-9.06178552,7.773249996,7.905938759,-0.897647835,2.0,2.5,13.45997607,0.073698635,-0.073698635,0.22,6.219336946,6.219336946,0.94,541.679549,42813.70545,0,15.33664171,4009,0.687904874,-1.288663516,416.3216758,7658.267912
F2_T2_pre_2024_07_03-20_45_56.h5,0,0,30,3867,3915,es,o,59.99,0.49,207.6161347,432.5336139,0.293748219,1.086956522,1.086956522,1.086956522,1.086956522,1.086956522,10.05709494,10.05709494,10.05709494,10.05709494,10.05709494,0.5,1.020408163,41.70764704,1.195438598,-1.195438598,0.46,10.05709494,10.05709494,0.55,541.9827936,42822.45322,1,286.8956865,3867,0.354872437,,503.9602572,6477.33693
F2_T2_pre_2024_07_03-20_45_56.h5,0,0,29,3754,3812,es,o,59.99,0.59,425.2988962,733.273959,0.513662625,8.333333333,5.994152047,8.333333333,5.994152047,5.994152047,18.09023315,18.09023315,14.54952356,16.34665774,16.34665774,1.5,2.542372881,39.71362997,0.316088621,-0.316088621,0.38,18.09023315,18.09023315,0.79,540.8499221,42818.34105,1,275.0779437,3754,0.411068923,0.903617859,629.2863188,14861.5621
F2_T2_pre_2024_07_03-20_45_56.h5,0,0,28,3634,3675,es,o,59.99,0.42,271.7401266,662.7807965,0.49036839,,,,,,,,,,,0.0,0.0,11.6975925,0.116053784,0.116053784,,,,0.42,542.9283173,42816.05218,0,-17.4513429,3634,0.903088233,,278.6918773,12456.80256
F2_T2_pre_2024_07_03-20_45_56.h5,0,0,27,3543,3592,es,o,59.99,0.5,202.0170133,412.279619,0.30140978,16.66666667,9.126984127,9.027777778,9.126984127,9.126984127,9.436644407,-9.436644407,5.964129977,5.536695012,0.346529472,2.0,4.0,13.44236718,0.249811997,0.249811997,0.28,9.436644407,-9.436644407,0.74,542.641287,42813.47541,0,-30.38780584,3543,0.87137551,-0.745375719,280.0595643,7227.41778
F2_T2_pre_2024_07_03-20_45_56.h5,0,0,26,3384,3469,es,o,59.99,0.86,361.7259988,425.5599986,0.309894562,16.66666667,12.72486772,16.66666667,11.75595238,12.6984127,6.86000068,-6.86000068,5.365214187,5.361160955,-4.174359653,4.5,5.23255814,11.53231775,0.135846051,-0.135846051,0.42,6.86000068,-6.86000068,0.88,542.2876037,42811.85227,0,29.01815363,3384,0.87881504,-0.899533275,432.2553118,5122.177511
F2_T2_pre_2024_07_03-20_45_56.h5,0,0,25,3242,3296,es,o,59.99,0.55,399.2733104,739.3950193,0.548145871,4.166666667,4.166666667,4.166666667,4.166666667,4.166666667,43.91744617,43.91744617,43.91744617,43.91744617,43.91744617,0.5,0.909090909,43.91744617,0.342785005,-0.342785005,0.12,43.91744617,43.91744617,0.61,541.3856957,42815.29585,1,340.8079808,3242,0.286146184,,539.0249849,16502.28956
F2_T2_pre_2024_07_03-20_45_56.h5,0,0,34,4403,4446,es,o,59.99,0.44,49.9646301,116.1968142,0.060628281,,,,,,,,,,,0.0,0.0,9.95917571,0.073991509,0.073991509,,,,0.56,539.4679981,42826.16101,0,-10.41390891,4403,0.81362229,,201.0486223,1062.738073
F2_T2_pre_2024_07_03-20_45_56.h5,0,0,1,150,208,es,o,59.99,0.59,335.5836608,578.5925186,0.434206016,6.25,3.835470085,3.333333333,3.835470085,3.835470085,10.30484612,10.30484612,8.176818043,7.306825744,7.306825744,1.5,2.542372881,10.30484612,0.178374063,0.178374063,0.26,10.30484612,10.30484612,1.05,542.1946098,42813.87913,0,-12.62707238,150,0.901059084,-0.671410536,319.0090235,13310.61429
F2_T2_pre_2024_07_03-20_45_56.h5,0,0,0,1,45,es,o,59.99,0.45,340.0587096,772.8607037,0.547183968,16.66666667,8.213601533,6.25,8.213601533,8.213601533,8.589212042,8.589212042,4.568647722,3.197051396,1.919679727,1.5,3.333333333,10.45123489,3.339336101,-3.339336101,0.29,8.589212042,8.589212042,0.01,538.8104799,42817.29376,0,8.719188074,1,0.8962833,0.223498933,237.6075828,10399.13724
F1_T5_pre_2024_07_03-16_34_42.h5,0,0,12,3136,3202,es,o,59.99,0.67,204.393576,309.6872364,0.194779033,8.333333333,4.656862745,4.656862745,4.656862745,4.656862745,4.98416898,-4.98416898,4.254350796,4.254350796,-4.254350796,1.0,1.492537313,19.65810824,0.547152828,-0.547152828,0.51,3.524532613,-3.524532613,2.35,-1.051745426,44721.86734,0,-113.8439109,3136,0.815334917,1.41413615,405.9449418,5385.980202
F1_T5_pre_2024_07_03-16_34_42.h5,0,0,11,2765,2901,es,o,59.99,1.37,511.4789875,376.0874908,0.229631056,16.66666667,9.570759289,9.027777778,5.397883926,9.15414484,6.082099634,-6.082099634,3.096894391,2.640322067,-0.460403866,6.0,4.379562044,8.342811919,0.762038238,0.762038238,0.04,0.296796307,0.296796307,0.89,-0.394451687,44728.97401,0,-77.76029957,2765,0.82297479,-20.49250441,359.117657,6050.533212
F1_T5_pre_2024_07_03-16_34_42.h5,0,0,10,2670,2676,es,o,59.99,0.07,3.164135977,52.73559962,0.04828658,,,,,,,,,,,0.0,0.0,1.208818748,0.143184953,0.143184953,,,,0.93,-0.801317616,44723.17129,0,-4.488516071,2670,-0.094141493,,4.488516071,1745.525311
F1_T5_pre_2024_07_03-16_34_42.h5,0,0,9,2514,2577,es,o,59.99,0.64,113.5683232,180.2671798,0.108356869,4.166666667,2.615248227,2.615248227,2.615248227,2.615248227,6.575068106,-6.575068106,4.231625837,4.231625837,-4.231625837,1.0,1.5625,17.17273536,0.088134838,0.088134838,0.47,6.575068106,-6.575068106,3.33,-0.363630187,44728.16569,0,-102.3383891,2514,0.5019087,0.287173233,336.9816338,6832.959749
F1_T5_pre_2024_07_03-16_34_42.h5,0,0,8,2177,2181,es,o,59.99,0.05,9.392009838,234.800246,0.143475432,,,,,,,,,,,0.0,0.0,1.769578824,0.036677249,-0.036677249,,,,0.49,-0.225737412,44731.45475,0,-7.886052551,2177,-0.794557523,,7.886052551,517.9807023
F1_T5_pre_2024_07_03-16_34_42.h5,0,0,7,2124,2128,es,o,59.99,0.05,1.22365487,30.59137176,0.018694766,,,,,,,,,,,0.0,0.0,2.42822127,0.050315485,-0.050315485,,,,0.37,-0.257898831,44730.57427,0,-11.40570538,2124,-0.912386809,,11.40570538,108.8306802
F1_T5_pre_2024_07_03-16_34_42.h5,0,0,6,2084,2087,es,o,59.99,0.04,6.332430212,211.0810071,0.096744772,,,,,,,,,,,0.0,0.0,3.420348383,0.03231393,0.03231393,,,,0.31,-0.26143451,44730.9259,0,-12.75275276,2084,-0.81264353,,12.75275276,495.292574
F1_T5_pre_2024_07_03-16_34_42.h5,0,0,5,1856,2053,es,o,59.99,1.98,521.9963044,264.9727434,0.158237938,16.66666667,7.057840582,5.0,8.368055556,9.546957672,65.40611021,-65.40611021,18.10424397,4.732775992,-2.197662117,8.0,4.04040404,65.40611021,1.131425889,1.131425889,0.1,0.005454448,0.005454448,0.36,-0.509564941,44727.22224,1,-2331.475302,1856,0.086162092,-133.5074627,2401.862604,3959.92898
F1_T5_pre_2024_07_03-16_34_42.h5,0,0,4,1744,1820,es,o,59.99,0.77,167.9707285,221.0141165,0.134984577,16.66666667,8.370535714,7.738095238,7.098214286,8.898809524,1.862680216,-1.862680216,0.974002423,0.915698141,-0.644462611,4.0,5.194805195,1.862680216,0.527004678,-0.527004678,0.08,0.207851596,-0.207851596,0.17,0.15809144,44734.87421,0,-47.99524438,1744,0.582639651,5.565230722,54.41435366,3742.288075
F1_T5_pre_2024_07_03-16_34_42.h5,0,0,3,1717,1727,es,o,59.99,0.11,4.802498192,48.02498192,0.036670667,,,,,,,,,,,0.0,0.0,1.016198291,0.046227938,-0.046227938,,,,0.37,-0.312518733,44728.82965,0,-8.986330229,1717,-0.52131078,,8.986330229,2600.960249
F1_T5_pre_2024_07_03-16_34_42.h5,0,0,2,1669,1680,es,o,59.99,0.12,68.05218963,618.6562694,0.346366211,5.555555556,5.555555556,5.555555556,5.555555556,5.555555556,0.841316855,-0.841316855,0.841316855,0.841316855,-0.841316855,0.5,4.166666667,1.55240344,0.765983245,-0.765983245,0.09,0.841316855,-0.841316855,0.3,-0.596492455,44725.72409,0,-14.61250579,1669,-0.541944725,,14.61250579,2379.590792
F1_T5_pre_2024_07_03-16_34_42.h5,0,0,1,1623,1639,es,o,59.99,0.17,150.5374119,940.8588241,0.574781088,,,,,,,,,,,0.0,0.0,2.451095995,0.706790756,-0.706790756,,,,0.21,-1.105871441,44721.0728,0,-34.09582376,1623,-0.567746588,,34.09582376,6164.686609
F1_T5_pre_2024_07_03-16_34_42.h5,0,0,0,1405,1602,es,o,59.99,1.98,860.2730662,436.6868356,0.266207876,25.0,8.008261494,5.902777778,5.808531746,6.134259259,82.18184245,82.18184245,42.89145537,48.77619286,3.29236754,6.0,3.03030303,82.18184245,2.621758805,2.621758805,0.05,43.03443326,43.03443326,14.05,0.113036661,44734.97097,1,239.5240705,1405,0.784607497,-0.132207588,3976.049921,5617.07435
F1_T5_pre_2024_07_03-16_34_42.h5,0,0,13,3450,3545,es,o,59.99,0.96,439.3071024,462.4285288,0.279568393,16.66666667,7.026397516,4.285714286,5.122929607,7.026397516,5.96906733,-5.96906733,3.135836548,2.469995032,-0.929585648,3.0,3.125,9.353685184,1.05940347,-1.05940347,0.46,5.96906733,-5.96906733,2.48,-1.004042034,44722.85689,0,-84.07728775,3450,0.763672237,-0.921145299,308.3607709,8759.017981
F1_T5_pre_2024_07_03-16_34_42.h5,0,0,14,4327,4416,es,o,59.99,0.9,356.1085437,400.1219593,0.247221658,0.819672131,0.819672131,0.819672131,0.819672131,0.819672131,6.170288818,-6.170288818,6.170288818,6.170288818,-6.170288818,0.5,0.555555556,25.01582132,0.111128904,0.111128904,0.61,6.170288818,-6.170288818,7.82,-0.730020689,44725.68146,1,-181.9875707,4327,0.275075052,,383.4599065,3979.957129
F1_T5_pre_2024_07_03-16_34_42.h5,0,0,16,4812,4992,es,o,59.99,1.81,541.0807804,300.6004336,0.182569179,16.66666667,6.833800187,3.869047619,6.378968254,5.933317772,77.90407912,77.90407912,42.10380041,43.91407233,11.03850968,5.0,2.762430939,77.90407912,1.080866554,-1.080866554,0.2,24.26956008,-24.26956008,3.59,-0.492737713,44728.06706,1,695.6618979,4812,0.822840456,-0.634299478,3254.104599,4593.511051
F1_T5_pre_2024_07_03-16_34_42.h5,0,0,24,5597,5671,es,o,59.99,0.75,200.7433403,271.2747842,0.170234051,12.5,6.53030303,5.0,6.912878788,6.53030303,64.403813,-64.403813,32.17899745,16.7513245,-16.7513245,2.5,3.333333333,64.403813,1.843877395,1.843877395,0.11,61.05313775,-61.05313775,0.94,-0.618076521,44726.46913,1,-1073.357071,5597,0.159255752,0.274372868,1152.071944,5050.622432
F1_T5_pre_2024_07_03-16_34_42.h5,0,0,23,5497,5503,es,o,59.99,0.07,29.7790653,496.3177551,0.454898259,,,,,,,,,,,0.0,0.0,1.168774886,0.159664882,0.159664882,,,,0.18,-0.947176074,44723.55144,0,5.62432103,5497,-0.013444149,,5.62432103,3170.656719
F1_T5_pre_2024_07_03-16_34_42.h5,0,0,22,5473,5479,es,o,59.99,0.07,23.90182384,398.3637307,0.365177826,8.333333333,8.333333333,8.333333333,8.333333333,8.333333333,1.396136017,1.396136017,1.396136017,1.396136017,1.396136017,0.5,7.142857143,1.396136017,0.153528954,-0.153528954,0.06,1.396136017,1.396136017,0.92,-0.668535284,44727.5362,0,5.775801264,5473,0.395244996,,6.879432812,2316.873761
F1_T5_pre_2024_07_03-16_34_42.h5,0,0,21,5378,5381,es,o,59.99,0.04,3.507937136,116.9312379,0.053578434,,,,,,,,,,,0.0,0.0,2.373903248,0.05104338,-0.05104338,,,,0.19,-0.149415069,44731.98758,0,5.318311272,5378,-0.147915468,,5.318311272,318.2475868
F1_T5_pre_2024_07_03-16_34_42.h5,0,0,20,5355,5359,es,o,59.99,0.05,1.885715024,47.14287559,0.028798921,,,,,,,,,,,0.0,0.0,1.396559174,0.053596601,-0.053596601,,,,0.92,-0.034491806,44733.18262,0,3.669695948,5355,0.303210848,,4.516599731,246.6290786
F1_T5_pre_2024_07_03-16_34_42.h5,0,0,19,5260,5263,es,o,59.99,0.04,3.647035073,121.5678358,0.05566649,,,,,,,,,,,0.0,0.0,1.470243996,0.095012382,-0.095012382,,,,0.22,-0.255648239,44730.62583,0,5.270259164,5260,-0.764599109,,5.270259164,519.6146992
F1_T5_pre_2024_07_03-16_34_42.h5,0,0,18,5235,5238,es,o,59.99,0.04,2.43427324,81.14244133,0.037191469,,,,,,,,,,,0.0,0.0,2.577397786,0.011761348,0.011761348,,,,0.98,-0.957067814,44723.75946,0,7.242391844,5235,-0.570002726,,7.242391844,2948.435432
F1_T5_pre_2024_07_03-16_34_42.h5,0,0,17,5133,5137,es,o,59.99,0.05,0.291600621,7.290015514,0.004378618,,,,,,,,,,,0.0,0.0,2.050144459,0.090378334,-0.090378334,,,,1.41,-0.311137565,44730.43396,0,9.12798103,5133,-0.757052496,,9.12798103,406.9723115
F1_T5_pre_2024_07_03-16_34_42.h5,0,0,15,4450,4453,es,o,59.99,0.04,0.088809573,2.960319094,0.001260024,,,,,,,,,,,0.0,0.0,0.943711106,0.023573479,-0.023573479,,,,0.34,-0.021570791,44733.31824,0,-0.707863525,4450,0.239391559,,1.433100233,273.010767
F2_T1_pre_2024_07_03-20_01_12.h5,0,0,0,40,94,es,o,59.99,0.55,50.71470392,93.91611836,0.06060018,16.66666667,10.28703704,12.5,9.180555556,10.28703704,8.764879761,8.764879761,4.801165742,4.854696558,0.87925208,3.0,5.454545455,11.01206426,1.122903281,1.122903281,0.25,8.764879761,8.764879761,0.4,551.8041086,42286.27198,0,11.92918843,40,0.795934309,-0.858616566,194.868422,2518.914117
F2_T1_pre_2024_07_03-20_01_12.h5,0,0,1,181,223,es,o,59.99,0.43,23.06564761,54.91820859,0.034514275,5.555555556,4.395711501,5.0,4.395711501,4.395711501,7.733460345,-7.733460345,7.061487815,7.322159482,-6.12884362,1.5,3.488372093,8.478809706,0.288705348,0.288705348,0.19,7.733460345,-7.733460345,0.87,551.0533865,42284.42847,0,-7.261435139,181,0.86358342,-0.946815417,154.1867498,643.2205084
F2_T1_pre_2024_07_03-20_01_12.h5,0,0,2,310,364,es,o,59.99,0.55,36.44296003,67.48696302,0.042011769,16.66666667,8.720238095,7.916666667,8.720238095,8.720238095,7.802534222,7.802534222,6.946078572,6.875244881,0.121590614,2.0,3.636363636,10.27681859,1.234442192,1.234442192,0.21,7.802534222,7.802534222,0.87,551.5707397,42285.81259,0,11.75181804,310,0.949679549,-0.798623899,243.737725,1870.885301
F2_T1_pre_2024_07_03-20_01_12.h5,0,0,3,494,553,es,o,59.99,0.6,87.42564931,148.1790666,0.090000316,1.351351351,1.351351351,1.351351351,1.351351351,1.351351351,8.523057892,8.523057892,8.523057892,8.523057892,8.523057892,0.5,0.833333333,11.21403195,0.150724056,0.150724056,0.37,8.523057892,8.523057892,1.3,551.6136763,42286.36255,0,-15.08343637,494,0.873758935,,350.7553779,2567.22186
F2_T1_pre_2024_07_03-20_01_12.h5,0,0,4,636,694,es,o,59.99,0.59,102.0867405,176.0116216,0.116243079,16.66666667,9.380952381,12.5,8.601190476,9.380952381,9.586451493,9.586451493,7.152867585,7.345010052,-4.151687821,2.5,4.237288136,12.62493273,1.181068133,1.181068133,0.3,7.345010052,-7.345010052,0.83,551.8232939,42286.57911,0,38.58681161,636,0.925824058,-1.305165197,339.1265981,3098.065588
F2_T1_pre_2024_07_03-20_01_12.h5,0,0,5,789,887,es,o,59.99,0.99,227.5562749,232.2002805,0.15365638,16.66666667,10.57484568,12.5,4.001736111,7.528935185,11.79780053,11.79780053,9.24771811,9.996780698,6.161158981,4.5,4.545454545,12.47219944,0.020686898,-0.020686898,0.32,11.79780053,11.79780053,0.95,552.448829,42288.38817,0,0.0849447,789,0.945927829,0.522229458,630.0519475,2725.531642
F2_T1_pre_2024_07_03-20_01_12.h5,0,0,7,1097,1153,es,o,59.99,0.57,108.1697328,193.1602371,0.125169459,16.66666667,9.059343434,9.027777778,9.059343434,9.059343434,11.85546,11.85546,8.178070578,8.602484456,2.925295583,2.0,3.50877193,14.01309178,0.041480131,0.041480131,0.33,11.85546,11.85546,0.73,553.8901069,42291.92329,0,19.97359334,1097,0.933475654,-0.649702698,339.3086962,2692.876282
F2_T1_pre_2024_07_03-20_01_12.h5,0,0,8,1234,1288,es,o,59.99,0.55,104.023271,192.635687,0.133707216,,,,,,,,,,,0.0,0.0,12.3528194,0.057931149,0.057931149,,,,0.81,555.174609,42295.56941,0,18.30830428,1234,0.971496866,,349.4761135,2861.013186
F2_T1_pre_2024_07_03-20_01_12.h5,0,0,9,1325,1397,es,o,59.99,0.73,202.6428211,281.4483627,0.188866124,16.66666667,10.80687831,12.5,8.482142857,10.51587302,11.41924342,11.41924342,8.642685201,8.347287736,8.139887999,4.5,6.164383562,17.27345998,0.165770503,-0.165770503,0.28,9.803840072,9.803840072,0.37,554.2313918,42292.72115,0,-20.89664498,1325,0.66108605,0.844129936,467.396784,4394.829188
F2_T1_pre_2024_07_03-20_01_12.h5,0,0,10,1489,1595,es,o,59.99,1.07,260.1610953,245.4349956,0.165980502,16.66666667,13.65555556,16.66666667,10.22222222,12.37037037,10.46176865,-10.46176865,6.765830507,6.919985128,-0.073701924,10.0,9.345794393,10.70887423,0.402871459,0.402871459,0.25,8.415927319,-8.415927319,0.92,554.3762695,42293.21744,0,10.70120233,1489,0.981326948,-1.195383043,514.5569498,2893.782899
F2_T1_pre_2024_07_03-20_01_12.h5,0,0,11,1688,1754,es,o,59.99,0.67,112.4911657,170.4411601,0.117499749,16.66666667,8.528225806,7.916666667,8.528225806,8.528225806,10.43174751,10.43174751,7.068996982,7.337606716,2.426441356,2.0,2.985074627,11.03047096,0.10889781,0.10889781,0.31,10.43174751,10.43174751,0.93,555.8663092,42297.36263,0,18.37518196,1688,0.945720953,-0.637793786,347.493252,2228.506552
F2_T1_pre_2024_07_03-20_01_12.h5,0,0,12,1861,1937,es,o,59.99,0.77,124.2638229,163.5050301,0.110605175,16.66666667,9.854096521,10.83333333,9.364478114,9.854096521,10.29970648,10.29970648,8.625491297,8.770417144,0.722676293,3.0,3.896103896,10.65133121,0.167056731,0.167056731,0.22,10.29970648,10.29970648,1.07,555.9554841,42297.43699,0,-10.03592423,1861,0.96698772,-0.869473122,422.1967173,2705.384726
F2_T1_pre_2024_07_03-20_01_12.h5,0,0,13,2025,2079,es,o,59.99,0.55,118.8153987,220.0285162,0.151590158,3.333333333,2.592592593,2.592592593,2.592592593,2.592592593,8.692662634,-8.692662634,8.00074419,8.00074419,-0.691918445,1.0,1.818181818,10.21417438,0.067276595,-0.067276595,0.27,7.308825745,7.308825745,0.88,555.6396317,42296.62405,0,-25.42395714,2025,0.944383812,-1.189337787,279.6075283,2443.315934
F2_T1_pre_2024_07_03-20_01_12.h5,0,0,14,2201,2272,es,o,59.99,0.72,222.895982,313.9380028,0.208985189,16.66666667,6.516400266,4.058441558,6.516400266,6.516400266,7.80957198,7.80957198,2.784469464,1.590525003,-0.70123092,2.0,2.777777778,10.11815223,1.451899049,1.451899049,0.39,7.80957198,7.80957198,1.22,557.1016953,42301.84393,0,-32.57923213,2201,0.9191392,-0.208888822,259.6760376,3338.018564
F2_T1_pre_2024_07_03-20_01_12.h5,0,0,15,2388,2454,es,o,59.99,0.67,159.1251292,241.0986806,0.167449397,16.66666667,11.25641026,16.66666667,9.903846154,11.25641026,8.797199459,8.797199459,7.433590169,7.522604643,6.71479687,2.5,3.731343284,13.62965985,0.074426255,0.074426255,0.39,8.797199459,8.797199459,1.16,556.0632636,42297.8835,0,1.033510203,2388,0.668143353,-0.636896831,341.2803834,2814.345034
F2_T1_pre_2024_07_03-20_01_12.h5,0,0,16,2546,2637,es,o,59.99,0.92,153.0086933,168.1414213,0.111600012,16.66666667,11.64285714,16.66666667,6.80952381,10.0952381,10.5708942,10.5708942,7.725682854,7.772016922,3.968525112,5.5,5.97826087,13.34671749,0.009654978,0.009654978,0.25,10.5708942,10.5708942,0.92,555.9200219,42297.34277,0,-44.07404808,2546,0.792022024,-0.609287714,517.5049481,2613.746163
F2_T1_pre_2024_07_03-20_01_12.h5,0,0,17,2718,2785,es,o,59.99,0.68,148.9875248,222.36944,0.14834267,16.66666667,11.74242424,16.66666667,9.734848485,10.1010101,12.31543472,-12.31543472,9.031819837,8.922172672,0.65390548,4.0,5.882352941,12.31543472,0.13804476,-0.13804476,0.22,10.43259187,10.43259187,0.81,556.1255894,42298.45545,0,20.40454551,2718,0.877401347,-0.770457435,397.161507,4537.514766
F2_T1_pre_2024_07_03-20_01_12.h5,0,0,18,2888,2988,es,o,59.99,1.01,314.0470092,314.0470092,0.209199845,16.66666667,10.40584416,12.5,9.345238095,11.09126984,11.00968497,-11.00968497,8.295039691,8.257320397,-4.824574558,5.5,5.445544554,11.00968497,0.008352368,-0.008352368,0.3,11.00968497,-11.00968497,1.03,554.9741014,42295.05766,0,-5.994205219,2888,0.922816731,-0.888795195,565.2752501,3393.145513
F2_T1_pre_2024_07_03-20_01_12.h5,0,0,19,3090,3173,es,o,59.99,0.84,114.913008,138.4494073,0.092391443,25.0,12.5093985,12.5,4.824561404,8.07748538,10.47280446,-10.47280446,7.134454859,6.939089127,0.36045936,7.0,8.333333333,10.47280446,0.087267006,-0.087267006,0.19,6.349212278,6.349212278,1.02,555.8209965,42297.02781,0,-50.51130203,3090,0.866182696,-1.005219327,440.1612278,2525.68107
F2_T1_pre_2024_07_03-20_01_12.h5,0,0,6,976,1024,es,o,59.99,0.49,67.38367607,140.3826585,0.088974978,1.111111111,1.111111111,1.111111111,1.111111111,1.111111111,4.537346891,4.537346891,4.537346891,4.537346891,4.537346891,0.5,1.020408163,13.08762073,1.243113177,1.243113177,0.45,4.537346891,4.537346891,0.89,552.7385755,42288.73341,0,26.42756192,976,0.907884897,,279.8688365,2577.036373
F2_T1_pre_2024_07_03-20_01_12.h5,0,0,20,3269,3324,es,o,59.99,0.56,133.409725,242.5631365,0.161302455,16.66666667,10.0,12.5,9.375,10.0,8.550946093,8.550946093,6.343106348,5.990970172,-3.639344733,2.5,4.464285714,11.26200194,0.524214233,0.524214233,0.24,7.653492971,-7.653492971,0.96,556.3959777,42299.30018,0,16.3833821,3269,0.932863561,-1.117260593,246.4899161,2698.02959
F2_T1_pre_2024_07_03-20_01_12.h5,0,0,21,3380,3433,es,o,59.99,0.54,121.8999525,229.9999105,0.153799863,16.66666667,8.164983165,5.555555556,8.164983165,8.164983165,9.270945682,9.270945682,8.715548878,8.560511309,8.315189643,1.5,2.777777778,11.75225592,0.278996892,0.278996892,0.22,9.270945682,9.270945682,0.56,554.0937814,42292.30848,0,-4.024953225,3380,0.920885862,-0.923369805,277.3102299,2803.929526
F2_T1_pre_2024_07_03-20_01_12.h5,0,0,23,3640,3712,es,o,59.99,0.73,114.6607096,159.2509855,0.102695655,16.66666667,11.23106061,12.5,8.503787879,10.53030303,13.1865223,-13.1865223,6.508152776,6.129409725,0.951221456,4.0,5.479452055,13.1865223,0.189987353,-0.189987353,0.33,10.43564362,10.43564362,0.69,552.3873524,42288.03141,0,-42.3474178,3640,0.791387099,-1.263604122,384.3150766,2723.132919
F2_T1_pre_2024_07_03-20_01_12.h5,0,0,22,3518,3571,es,o,59.99,0.54,122.7659726,231.6339106,0.154526012,5.555555556,3.535353535,3.535353535,3.535353535,3.535353535,8.967147005,8.967147005,6.81215078,6.81215078,2.154996224,1.0,1.851851852,12.79777351,0.144165996,-0.144165996,0.33,8.967147005,8.967147005,0.85,552.9079521,42289.50401,0,6.716719304,3518,0.829947557,-0.519357445,274.6444745,2299.67545
F2_T1_pre_2024_07_03-20_01_12.h5,0,0,34,5347,5396,es,o,59.99,0.5,65.14226882,132.9434058,0.090092806,5.555555556,4.320987654,5.555555556,4.320987654,4.320987654,9.650249433,-9.650249433,7.400316092,8.477315922,4.073382922,1.5,3.0,15.2130436,0.000423795,-0.000423795,0.27,8.477315922,8.477315922,0.42,555.8794844,42297.32772,0,7.984851426,5347,0.753649777,-1.138361425,308.3617805,2575.179798
F2_T1_pre_2024_07_03-20_01_12.h5,0,0,39,5995,5998,es,o,59.99,0.04,20.17192105,672.3973682,0.331302186,,,,,,,,,,,0.0,0.0,1.559999659,0.004720602,0.004720602,,,,0.53,554.7987668,42296.59881,0,-1.519035828,5995,0.267635032,,3.189078063,3664.854786
F2_T1_pre_2024_07_03-20_01_12.h5,0,0,38,5900,5942,es,o,59.99,0.43,108.0770948,257.3264162,0.182507363,,,,,,,,,,,0.0,0.0,11.01430356,0.028972046,0.028972046,,,,0.85,555.8885485,42297.64784,0,-1.639395197,5900,0.990224659,,202.4652704,2369.127833
F2_T1_pre_2024_07_03-20_01_12.h5,0,0,37,5757,5815,es,o,59.99,0.59,146.5390805,252.6535871,0.176876198,16.66666667,7.449494949,4.166666667,7.449494949,7.449494949,12.99945581,-12.99945581,9.862805236,8.52741499,-8.52741499,1.5,2.542372881,32.16253038,0.010550666,0.010550666,0.33,12.99945581,-12.99945581,1.02,555.6300341,42296.46046,1,200.6094516,5757,0.580637744,0.655982459,547.3577209,2676.252738
F2_T1_pre_2024_07_03-20_01_12.h5,0,0,36,5611,5655,es,o,59.99,0.45,122.4550273,278.3068803,0.184716314,16.66666667,10.22727273,12.5,10.22727273,10.22727273,8.434939847,8.434939847,5.756422327,4.479347389,4.354979746,1.5,3.333333333,13.27419891,0.018988406,-0.018988406,0.33,8.434939847,8.434939847,0.89,555.8719419,42297.33784,0,2.987090429,5611,0.702519519,-0.53104675,225.2896211,1971.706602
F2_T1_pre_2024_07_03-20_01_12.h5,0,0,35,5467,5522,es,o,59.99,0.56,161.4927373,293.6231587,0.191390466,16.66666667,10.5,12.5,11.875,10.5,14.51231484,14.51231484,10.41623912,10.23587292,7.951803336,2.5,4.464285714,43.60696997,0.115232424,0.115232424,0.3,14.51231484,14.51231484,0.71,555.711197,42297.07964,1,213.559195,5467,0.40799879,-0.725035527,609.4975578,2601.936374
F2_T1_pre_2024_07_03-20_01_12.h5,0,0,33,5247,5305,es,o,59.99,0.59,112.7626599,194.4183791,0.135962903,12.5,5.555555556,2.5,5.555555556,5.555555556,10.27137122,-10.27137122,7.651224092,7.225574275,-5.456726778,1.5,2.542372881,12.09284772,0.344331112,0.344331112,0.3,10.27137122,-10.27137122,0.86,555.8292101,42297.24906,0,24.28644896,5247,0.93319316,-0.703467348,342.63435,4394.595927
F2_T1_pre_2024_07_03-20_01_12.h5,0,0,32,5109,5161,es,o,59.99,0.53,164.8648048,317.0477016,0.211160956,16.66666667,11.25925926,13.33333333,8.555555556,11.25925926,9.695993407,9.695993407,5.938857583,5.98535708,-2.408242522,3.0,5.660377358,11.15117989,1.095299991,1.095299991,0.05,0.386373112,0.386373112,0.98,555.9498254,42298.43928,0,49.72647786,5109,0.80469479,-21.68165022,279.6472947,3467.235393
F2_T1_pre_2024_07_03-20_01_12.h5,0,0,31,4955,5011,es,o,59.99,0.57,127.0733638,226.9167211,0.148079797,16.66666667,7.846003899,5.555555556,7.846003899,7.846003899,10.93244696,10.93244696,7.278571151,5.966005402,4.937261094,1.5,2.631578947,12.33614563,0.093796964,0.093796964,0.38,10.93244696,10.93244696,0.56,554.5157856,42294.02704,0,1.414949131,4955,0.886212541,-0.545715467,320.5139513,2903.928669
F2_T1_pre_2024_07_03-20_01_12.h5,0,0,30,4847,4899,es,o,59.99,0.53,135.5226407,260.620463,0.170537081,16.66666667,9.201388889,9.027777778,9.201388889,9.201388889,7.924243852,-7.924243852,6.889883215,6.601424711,0.047687179,2.0,3.773584906,9.881031748,0.144165996,-0.144165996,0.24,6.527813944,6.527813944,1.01,554.7628377,42294.54059,0,-11.46384766,4847,0.783792508,-1.213919992,207.1555115,3059.39616
F2_T1_pre_2024_07_03-20_01_12.h5,0,0,29,4699,4746,es,o,59.99,0.48,148.9160543,316.8426687,0.206148095,16.66666667,9.248737374,9.027777778,9.248737374,9.248737374,9.660474788,-9.660474788,8.090590814,8.32113827,-1.150318694,2.0,4.166666667,9.660474788,1.050402962,1.050402962,0.22,6.059611927,6.059611927,0.63,553.7609969,42291.71349,0,1.63507416,4699,0.990686638,-1.594239846,241.2767508,2757.765104
F2_T1_pre_2024_07_03-20_01_12.h5,0,0,28,4566,4636,es,o,59.99,0.71,193.8232671,276.8903816,0.186820701,16.66666667,12.10648148,14.58333333,9.62962963,11.2808642,9.543590631,-9.543590631,7.523313564,7.731966888,-0.663496997,4.0,5.633802817,9.559061461,0.124320359,-0.124320359,0.27,8.420716701,8.420716701,0.92,553.6834014,42291.60433,0,-5.856051457,4566,0.911213043,-0.882031618,351.6552704,3254.56827
F2_T1_pre_2024_07_03-20_01_12.h5,0,0,27,4386,4474,es,o,59.99,0.89,169.3097984,192.3974982,0.123670744,16.66666667,11.98502886,12.5,8.45508658,10.4978355,8.290404661,-8.290404661,4.392135707,4.071414107,-0.263859708,6.0,6.741573034,10.10312543,0.11685733,0.11685733,0.21,7.723520957,7.723520957,1.42,552.3468074,42287.72315,0,19.50678178,4386,0.885109929,-0.507569204,349.4076665,3087.404531
F2_T1_pre_2024_07_03-20_01_12.h5,0,0,26,4191,4244,es,o,59.99,0.54,171.7705013,324.0952854,0.216319205,5.555555556,3.657407407,3.333333333,3.657407407,3.657407407,10.16850446,10.16850446,8.939264167,10.16055596,6.488732082,1.5,2.777777778,10.40760219,0.066326995,0.066326995,0.24,10.16850446,10.16850446,1.18,552.3879324,42288.45608,0,25.99140065,4191,0.976262906,-0.999218322,291.1706785,2747.249373
F2_T1_pre_2024_07_03-20_01_12.h5,0,0,25,3964,4073,es,o,59.99,1.1,171.0424359,156.9196659,0.101245736,16.66666667,11.31944444,12.5,9.097222222,10.92592593,12.10904799,-12.10904799,7.041604951,7.50039553,-0.182139655,8.0,7.272727273,12.10904799,0.015648057,0.015648057,0.3,10.23761889,10.23761889,1.37,551.9675755,42287.07522,0,42.83647508,3964,0.903006472,-0.601404776,571.8460527,2565.261444
F2_T1_pre_2024_07_03-20_01_12.h5,0,0,24,3779,3827,es,o,59.99,0.49,94.75987161,197.4163992,0.127595502,16.66666667,9.047619048,9.047619048,9.047619048,9.047619048,19.52085569,19.52085569,11.65635078,11.65635078,7.864504914,1.0,2.040816327,47.68240466,0.433902261,-0.433902261,0.35,19.52085569,19.52085569,0.67,553.1705506,42289.77181,1,420.4160781,3779,0.217766059,-0.194245884,621.4667726,2129.509275
F2_T2_stim_2024_07_03-20_52_35.h5,0,0,33,5146,5196,opto_es,o,59.99,0.51,156.0761786,312.1523572,0.23862838,,,,,,,,,,,0.0,0.0,9.405329211,0.045437304,-0.045437304,,,,0.53,439.1588471,42588.08838,0,11.06427235,5146,0.932803108,,244.1251422,5201.617937
F2_T2_stim_2024_07_03-20_52_35.h5,0,0,34,5258,5309,opto_es,o,59.99,0.52,160.0157085,313.7562912,0.221800279,2.272727273,2.097902098,2.097902098,2.097902098,2.097902098,5.798610891,-5.798610891,5.499136389,5.499136389,-5.499136389,1.0,1.923076923,12.32430436,0.255913316,-0.255913316,0.26,5.798610891,-5.798610891,0.62,438.2388727,42582.89228,0,-43.76602954,5258,0.641063856,0.896708192,250.365892,6056.548797
F2_T2_stim_2024_07_03-20_52_35.h5,0,0,35,5380,5415,opto_es,o,59.99,0.36,74.96911833,214.1974809,0.141194168,,,,,,,,,,,0.0,0.0,9.16263051,0.03687574,-0.03687574,,,,0.71,438.9162272,42585.41563,0,-5.825391261,5380,0.88981878,,164.1203944,3183.131565
F2_T2_stim_2024_07_03-20_52_35.h5,0,0,36,5480,5565,opto_es,o,59.99,0.86,309.4980009,364.1152952,0.26258216,16.66666667,8.86852548,6.25,9.183114035,7.568835283,7.757564944,-7.757564944,5.61815434,5.784406678,-3.745242218,3.5,4.069767442,9.073053973,0.094345927,0.094345927,0.38,6.905114697,-6.905114697,0.65,439.0492978,42582.99461,0,-40.5037608,5480,0.945571085,-0.455628497,399.0443998,5461.133502
F2_T2_stim_2024_07_03-20_52_35.h5,0,0,37,5635,5688,opto_es,o,59.99,0.54,148.060975,279.3603302,0.208056968,4.545454545,2.987012987,2.987012987,2.987012987,2.987012987,9.24378897,9.24378897,8.009146277,8.009146277,8.009146277,1.0,1.851851852,13.50759094,0.118312562,0.118312562,0.35,9.24378897,9.24378897,0.7,439.4065293,42584.98678,0,-39.39777199,5635,0.789681813,0.732870861,335.430956,6640.565032
F2_T2_stim_2024_07_03-20_52_35.h5,0,0,38,5744,5831,opto_es,o,59.99,0.88,248.6348194,285.7871487,0.206405201,5.555555556,3.277777778,3.277777778,3.277777778,3.277777778,10.09325587,-10.09325587,9.617886487,9.617886487,-0.475369381,1.0,1.136363636,11.77229741,0.108341428,0.108341428,0.5,10.09325587,-10.09325587,0.56,439.4957163,42584.28526,0,-41.87551979,5744,0.9142689,-0.905804552,495.5025133,4993.62108
F2_T2_stim_2024_07_03-20_52_35.h5,0,0,39,5898,5948,opto_es,o,59.99,0.51,150.2493031,300.4986062,0.230335472,8.333333333,4.428341385,2.777777778,4.428341385,4.428341385,8.679128922,8.679128922,7.498462929,7.346621273,7.346621273,1.5,2.941176471,12.13285244,0.272473241,-0.272473241,0.23,8.679128922,8.679128922,0.67,439.5855502,42585.70061,0,-37.98765368,5898,0.715341175,0.745424875,298.9320934,10589.99414
F2_T2_stim_2024_07_03-20_52_35.h5,0,0,32,5041,5093,opto_es,o,59.99,0.53,107.3732388,206.4869977,0.127770726,,,,,,,,,,,0.0,0.0,8.870617304,0.01000172,-0.01000172,,,,1.0,437.5850244,42584.34574,0,11.57963455,5041,0.867452175,,215.429143,3114.434053
F2_T2_stim_2024_07_03-20_52_35.h5,0,0,31,4896,4941,opto_es,o,59.99,0.46,52.8218098,117.3817996,0.052388874,,,,,,,,,,,0.0,0.0,11.36105444,0.543170419,0.543170419,,,,0.62,436.0004296,42585.05386,0,-39.3130813,4896,0.717825905,,220.5394464,1416.291508
F2_T2_stim_2024_07_03-20_52_35.h5,0,0,29,4602,4700,opto_es,o,59.99,0.99,109.242309,111.4717438,0.054630043,16.66666667,9.605762595,9.821428571,7.116977226,9.605762595,7.892453746,-7.892453746,5.571872897,6.058729322,-3.036702023,3.0,3.03030303,9.243690339,0.493562815,0.493562815,0.46,7.347920948,7.347920948,0.53,435.0845621,42587.18877,0,-24.6531115,4602,0.794912062,-0.576874489,394.249795,2339.652674
F2_T2_stim_2024_07_03-20_52_35.h5,0,0,3,409,464,opto_es,o,59.99,0.56,260.1772346,473.0495174,0.326843469,3.846153846,2.58097166,2.58097166,2.58097166,2.58097166,27.54437903,-27.54437903,15.5612704,15.5612704,-15.5612704,1.0,1.785714286,29.66963731,0.024351445,0.024351445,0.13,27.54437903,-27.54437903,1.04,438.5776165,42583.77527,1,-83.326599,409,0.6062296,0.129905335,529.9555959,6811.327331
F2_T2_stim_2024_07_03-20_52_35.h5,0,0,4,563,648,opto_es,o,59.99,0.86,341.6679471,401.9622907,0.269339499,2.173913043,1.855859401,1.923076923,1.855859401,1.855859401,16.25436337,16.25436337,10.32303567,10.08368631,10.08368631,1.5,1.744186047,25.05993708,0.263311021,-0.263311021,0.34,16.25436337,16.25436337,0.99,439.0221138,42585.11251,1,-36.541775,563,0.78862637,0.620367964,835.4886123,6122.546376
F2_T2_stim_2024_07_03-20_52_35.h5,0,0,5,814,893,opto_es,o,59.99,0.8,363.5281483,460.1622131,0.299618099,16.66666667,6.043771044,4.772727273,3.762626263,6.043771044,16.05296317,16.05296317,10.53404591,10.50426369,-5.426376521,3.0,3.75,22.55848998,0.146998902,0.146998902,0.18,16.05296317,16.05296317,1.66,438.2807368,42581.99492,0,-5.025903854,814,0.902849998,-0.440650713,707.0933785,7450.893102
F2_T2_stim_2024_07_03-20_52_35.h5,0,0,6,923,978,opto_es,o,59.99,0.56,376.2203619,684.0370216,0.490458867,10.0,5.016025641,3.125,5.016025641,5.016025641,48.05023359,-48.05023359,23.58007189,22.3790336,-22.3790336,1.5,2.678571429,48.05023359,2.380833293,2.380833293,0.05,48.05023359,-48.05023359,0.3,438.7320989,42584.52161,1,-481.216743,923,0.517892616,0.006471321,859.7606871,14447.26233
F2_T2_stim_2024_07_03-20_52_35.h5,0,0,7,1449,1493,opto_es,o,59.99,0.45,49.28016096,112.0003658,0.060756154,,,,,,,,,,,0.0,0.0,10.32218698,0.783259908,0.783259908,,,,4.71,433.8525875,42585.66173,0,-54.51756413,1449,0.857696112,,220.0161329,2870.231993
F2_T2_stim_2024_07_03-20_52_35.h5,0,0,8,1572,1633,opto_es,o,59.99,0.62,44.54210765,73.01984861,0.040151345,16.66666667,7.041396104,4.707792208,7.041396104,7.041396104,6.588276708,6.588276708,5.052587554,5.008930373,4.362771368,2.0,3.225806452,10.32873395,1.547661327,1.547661327,0.24,6.588276708,6.588276708,0.79,434.3615149,42585.66447,0,-44.41455768,1572,0.787454364,0.54706457,287.6457511,1235.136871
F2_T2_stim_2024_07_03-20_52_35.h5,0,0,9,1731,1783,opto_es,o,59.99,0.53,57.87298723,111.2942062,0.060917559,12.5,6.805555556,6.805555556,6.805555556,6.805555556,4.930430504,-4.930430504,3.894559161,3.894559161,-1.035871343,1.0,1.886792453,10.03805298,1.136148619,1.136148619,0.45,2.858687818,2.858687818,0.98,434.0424089,42585.61734,0,-32.39401096,1731,0.970885517,-1.724718059,257.7921148,1492.320547
F2_T2_stim_2024_07_03-20_52_35.h5,0,0,10,1859,1932,opto_es,o,59.99,0.74,103.8208252,142.2203085,0.087099456,8.333333333,5.290697674,5.833333333,5.290697674,5.290697674,9.607065734,-9.607065734,7.180468952,6.774647853,-6.043737674,2.0,2.702702703,10.11929035,0.232833621,0.232833621,0.43,7.027334725,7.027334725,0.76,434.9245853,42586.47874,0,-21.18063445,1859,0.967205177,-1.367099492,377.0091428,1195.679285
F2_T2_stim_2024_07_03-20_52_35.h5,0,0,11,2008,2051,opto_es,o,59.99,0.44,77.11515606,179.3375722,0.084614962,,,,,,,,,,,0.0,0.0,9.562496912,0.992722046,-0.992722046,,,,0.76,435.500828,42585.01506,0,4.890011572,2008,0.93077718,,225.818929,1637.480816
F2_T2_stim_2024_07_03-20_52_35.h5,0,0,12,2120,2225,opto_es,o,59.99,1.06,244.905851,233.2436677,0.138471779,16.66666667,6.749975352,5.555555556,7.048580302,6.749975352,9.225452946,-9.225452946,8.210565922,8.537869819,8.181604704,2.5,2.358490566,11.00236817,1.043794813,-1.043794813,0.49,8.537869819,8.537869819,0.69,437.4728709,42584.64484,0,22.62941045,2120,0.905439528,0.768264789,611.6117826,5611.942049
F2_T2_stim_2024_07_03-20_52_35.h5,0,0,13,2317,2369,opto_es,o,59.99,0.53,91.49610724,175.9540524,0.113691495,1.041666667,1.041666667,1.041666667,1.041666667,1.041666667,8.354538543,-8.354538543,8.354538543,8.354538543,-8.354538543,0.5,0.943396226,10.77538919,0.15745511,0.15745511,0.48,8.354538543,-8.354538543,0.92,438.983925,42583.57845,0,-23.97233435,2317,0.964034671,,273.7433652,3666.082741
F2_T2_stim_2024_07_03-20_52_35.h5,0,0,14,2435,2524,opto_es,o,59.99,0.9,269.7059047,303.0403424,0.224615548,16.66666667,11.73007246,14.58333333,11.73007246,11.73007246,7.303687165,-7.303687165,5.525684653,5.981042844,-1.043028431,2.0,2.222222222,9.788481264,0.021089591,0.021089591,0.46,7.039063069,7.039063069,0.66,439.2162253,42583.57215,0,-38.7316106,2435,0.881745866,-0.699386065,469.4412047,4589.855968
F2_T2_stim_2024_07_03-20_52_35.h5,0,0,30,4781,4834,opto_es,o,59.99,0.54,66.67587999,125.8035471,0.069611448,8.333333333,4.888167388,4.545454545,4.888167388,4.888167388,8.04964611,-8.04964611,6.816657748,7.315216313,-7.315216313,1.5,2.777777778,10.03989079,1.22821212,1.22821212,0.28,7.315216313,-7.315216313,0.81,434.5130934,42585.05247,0,-44.39990082,4781,0.802913075,0.695141552,231.6944319,1136.284322
F2_T2_stim_2024_07_03-20_52_35.h5,0,0,15,2610,2663,opto_es,o,59.99,0.54,257.7882834,486.3929876,0.362256414,,,,,,,,,,,0.0,0.0,9.8919238,0.160989157,-0.160989157,,,,0.86,439.4728425,42584.9129,0,-12.91963608,2610,0.993729785,,285.6452293,6167.102106
F2_T2_stim_2024_07_03-20_52_35.h5,0,0,17,2825,2870,opto_es,o,59.99,0.46,176.5231578,392.273684,0.295002817,,,,,,,,,,,0.0,0.0,10.56725303,0.143416934,-0.143416934,,,,0.71,439.3507661,42582.22056,0,-29.25947934,2825,0.821635403,,225.0179932,5872.067843
F2_T2_stim_2024_07_03-20_52_35.h5,0,0,18,2942,2993,opto_es,o,59.99,0.52,187.9572801,368.5436865,0.265193427,1.041666667,1.041666667,1.041666667,1.041666667,1.041666667,5.437629399,-5.437629399,5.437629399,5.437629399,-5.437629399,0.5,0.961538462,10.29589567,0.034577503,-0.034577503,0.48,5.437629399,-5.437629399,0.72,439.2761974,42583.43248,0,-41.83617721,2942,0.788432829,,271.1064691,6606.037811
F2_T2_stim_2024_07_03-20_52_35.h5,0,0,19,3057,3135,opto_es,o,59.99,0.79,199.4479251,255.7024681,0.149936856,5.555555556,2.982993598,2.173913043,2.982993598,2.982993598,6.184234722,6.184234722,5.012462442,5.875837115,-2.97731549,1.5,1.898734177,10.94820428,0.771324539,0.771324539,0.41,6.184234722,6.184234722,0.64,438.0497413,42584.37248,0,-17.01995194,3057,0.796814156,-0.950131646,368.1647704,4907.871877
F2_T2_stim_2024_07_03-20_52_35.h5,0,0,20,3261,3351,opto_es,o,59.99,0.91,228.9891821,254.4324246,0.170712712,16.66666667,6.512975561,1.851851852,6.512975561,6.512975561,8.06414729,-8.06414729,7.401187466,8.008696373,-6.130718733,1.5,1.648351648,10.28328502,0.071874677,0.071874677,0.49,8.06414729,-8.06414729,1.26,438.8065689,42586.18811,0,-45.07750746,3261,0.912594396,-0.993123772,483.8305054,3203.171057
F2_T2_stim_2024_07_03-20_52_35.h5,0,0,21,3432,3478,opto_es,o,59.99,0.47,151.0000371,328.2609502,0.23986042,2.5,2.44047619,2.44047619,2.44047619,2.44047619,5.748021691,-5.748021691,3.702209596,3.702209596,-3.702209596,1.0,2.127659574,9.226285487,0.118804933,0.118804933,0.2,5.748021691,-5.748021691,0.81,438.3217386,42587.14693,0,-2.303254703,3432,0.856403094,0.288168276,202.0217717,4073.629901
F2_T2_stim_2024_07_03-20_52_35.h5,0,0,22,3560,3669,opto_es,o,59.99,1.1,181.5406115,166.5510197,0.103121577,5.555555556,3.223473787,3.137254902,3.223473787,3.223473787,9.247728999,-9.247728999,7.043705398,6.550943608,-0.31880227,2.0,1.818181818,10.89521064,0.108785887,-0.108785887,0.47,5.825205376,5.825205376,0.82,437.0588915,42587.16721,0,-47.54397466,3560,0.815625789,-1.109456148,533.1072974,4664.493137
F2_T2_stim_2024_07_03-20_52_35.h5,0,0,23,3747,3841,opto_es,o,59.99,0.95,304.5608357,324.000889,0.212955522,16.66666667,7.542735043,5.0,7.542735043,7.542735043,9.438957996,-9.438957996,7.563450875,7.322469074,5.928925556,1.5,1.578947368,11.11088655,0.963073677,0.963073677,0.52,5.928925556,5.928925556,0.78,436.5841671,42584.65912,0,-77.0873511,3747,0.737698084,-1.592018302,500.7412968,7608.850512
F2_T2_stim_2024_07_03-20_52_35.h5,0,0,24,3934,3984,opto_es,o,59.99,0.51,71.59294542,143.1858908,0.090093243,2.173913043,2.173913043,2.173913043,2.173913043,2.173913043,8.140404127,8.140404127,8.140404127,8.140404127,8.140404127,0.5,0.980392157,9.76534386,0.248186541,0.248186541,0.23,8.140404127,8.140404127,0.93,433.4016354,42584.65018,0,-40.59859929,3934,0.833601381,,250.8132005,2135.676186
F2_T2_stim_2024_07_03-20_52_35.h5,0,0,25,4099,4169,opto_es,o,59.99,0.71,189.276066,270.39438,0.169373935,1.219512195,1.219512195,1.219512195,1.219512195,1.219512195,9.045276217,-9.045276217,9.045276217,9.045276217,-9.045276217,0.5,0.704225352,9.045276217,1.069161034,1.069161034,0.41,9.045276217,-9.045276217,1.15,434.5061922,42587.79628,0,-24.85353518,4099,0.986492557,,340.971752,4302.178673
F2_T2_stim_2024_07_03-20_52_35.h5,0,0,26,4241,4289,opto_es,o,59.99,0.49,41.50529437,86.46936327,0.041579492,2.380952381,2.380952381,2.380952381,2.380952381,2.380952381,5.126698933,-5.126698933,5.126698933,5.126698933,-5.126698933,0.5,1.020408163,10.43125386,0.6624083,0.6624083,0.21,5.126698933,-5.126698933,0.72,433.7613393,42586.01326,0,-37.27738936,4241,0.61109752,,207.2674289,3148.407381
F2_T2_stim_2024_07_03-20_52_35.h5,0,0,27,4339,4425,opto_es,o,59.99,0.87,142.3959877,165.5767299,0.102918232,16.66666667,7.23519536,4.910714286,6.061126374,7.23519536,8.916717591,-8.916717591,5.782938507,6.212563563,-2.591968157,3.0,3.448275862,9.782106132,0.081041845,-0.081041845,0.26,8.391301388,8.391301388,0.5,434.2405471,42585.49471,0,-39.18342443,4339,0.857821544,-0.804630875,371.432749,3078.13447
F2_T2_stim_2024_07_03-20_52_35.h5,0,0,28,4499,4549,opto_es,o,59.99,0.51,53.74571154,107.4914231,0.055381714,,,,,,,,,,,0.0,0.0,8.303586504,0.545916747,0.545916747,,,,0.74,434.2940112,42586.72058,0,-0.673914962,4499,0.841465153,,189.8902174,960.0880984
F2_T2_stim_2024_07_03-20_52_35.h5,0,0,16,2705,2754,opto_es,o,59.99,0.5,226.0382841,461.3026206,0.346537712,,,,,,,,,,,0.0,0.0,12.3891207,0.142411152,0.142411152,,,,0.42,439.4125526,42585.63098,0,-19.05283217,2705,0.780944733,,272.9187197,6832.044223
F2_T2_stim_2024_07_03-20_52_35.h5,0,0,2,254,305,opto_es,o,59.99,0.52,303.4923559,595.0830507,0.421005069,,,,,,,,,,,0.0,0.0,48.86380704,0.204742038,0.204742038,,,,0.78,438.8854544,42578.88821,1,-118.3449736,254,0.353820707,,499.6714513,5914.696615
F2_T2_stim_2024_07_03-20_52_35.h5,0,0,1,69,176,opto_es,o,59.99,1.08,531.4098423,496.6447124,0.358086864,16.66666667,10.46875,12.5,6.319444444,7.511574074,8.40979242,8.40979242,5.769542479,6.443448544,1.270131618,6.0,5.555555556,11.53641805,0.350520158,-0.350520158,0.3,8.114157621,8.114157621,0.37,438.5871978,42576.67287,0,70.31154385,69,0.858660794,-0.7969086,549.6594448,34473.3226
F2_T2_stim_2024_07_03-20_52_35.h5,0,0,0,1,32,opto_es,o,59.99,0.32,115.8381975,373.671605,0.254511531,,,,,,,,,,,0.0,0.0,11.38705193,0.684071509,0.684071509,,,,0.01,439.4728375,42580.90795,0,6.092015955,1,0.864703131,,189.6145555,5462.677368
F2_T1_stim_2024_07_03-20_23_04.h5,0,0,19,5783,5884,opto_es,o,59.99,1.02,127.2038734,125.9444291,0.075002263,16.66666667,12.28377525,12.5,10.29040404,10.3956229,9.048742473,9.048742473,5.045940822,5.485563368,-0.541589137,8.0,7.843137255,9.176382214,0.067203458,-0.067203458,0.22,7.939400281,-7.939400281,1.39,101.9304594,42606.87952,0,-21.0149776,5783,0.986090407,-0.738068075,363.3021462,1447.701613
F1_T5_stim_2024_07_03-16_41_38.h5,0,0,0,6,186,opto_es,o,59.99,1.81,561.4180009,311.8988894,0.188486067,16.66666667,6.649843983,5.208333333,3.487001425,5.049026591,79.3832912,79.3832912,22.02189148,13.63626769,6.185330887,6.0,3.314917127,79.3832912,0.152891559,-0.152891559,0.27,16.3737781,-16.3737781,0.06,-1.275954251,44609.24425,1,1446.674065,6,0.206262273,-2.143172977,1883.819663,6766.154921
F1_T5_stim_2024_07_03-16_41_38.h5,0,0,1,329,393,opto_es,o,59.99,0.65,213.2172448,333.151945,0.203918453,12.5,6.213924964,5.050505051,4.112554113,6.213924964,11.74577765,-11.74577765,4.12485734,2.95411208,0.217081328,3.0,4.615384615,11.74577765,0.022531856,0.022531856,0.18,11.74577765,-11.74577765,1.43,-1.289720996,44607.62076,0,-98.90928755,329,0.419120056,-0.419120056,188.2566285,3766.534062
F1_T5_stim_2024_07_03-16_41_38.h5,0,0,2,538,627,opto_es,o,59.99,0.9,135.4981654,152.2451297,0.094210569,16.66666667,8.501984127,5.555555556,6.197916667,7.141203704,8.926074089,-8.926074089,3.89574327,4.008846916,-4.008846916,3.5,3.888888889,11.38587792,0.289253138,-0.289253138,0.3,8.926074089,-8.926074089,1.45,-1.144530265,44609.0168,0,-124.9829855,538,0.469003626,-0.189649473,247.1636705,3036.638131
F1_T5_stim_2024_07_03-16_41_38.h5,0,0,3,678,752,opto_es,o,59.99,0.75,192.1006765,259.5955088,0.163303156,6.25,3.842592593,2.777777778,3.842592593,3.842592593,10.69818548,-10.69818548,5.255848153,3.658919729,-3.658919729,1.5,2.0,15.01303965,0.029652069,-0.029652069,0.2,10.69818548,-10.69818548,0.51,-1.264006583,44608.09883,0,-117.059888,678,0.280958948,0.342013114,198.7204392,2836.036043
F1_T5_stim_2024_07_03-16_41_38.h5,0,0,4,3175,3372,opto_es,o,59.99,1.98,414.2000106,210.2538125,0.12894249,16.66666667,8.628465552,5.555555556,3.401875902,4.582732083,16.4891606,-16.4891606,6.876994902,6.152605281,-6.152605281,6.5,3.282828283,20.77102613,0.029813233,-0.029813233,0.55,7.519975891,-7.519975891,24.23,-0.948070572,44610.8914,0,-417.6979409,3175,0.840572807,-0.279601194,1043.72309,4631.151956
F2_T1_stim_2024_07_03-20_23_04.h5,0,0,0,4,20,opto_es,o,59.99,0.17,18.9423581,118.3897381,0.083134165,,,,,,,,,,,0.0,0.0,3.508643574,0.921105837,0.921105837,,,,0.04,103.8112557,42611.79647,0,51.09014104,4,-0.682221257,,51.09014104,3295.444696
F2_T1_stim_2024_07_03-20_23_04.h5,0,0,1,55,67,opto_es,o,59.99,0.13,13.62762049,113.563504,0.069489966,,,,,,,,,,,0.0,0.0,2.874928611,0.869273517,0.869273517,,,,0.35,103.1337395,42608.43549,0,31.49946634,55,-0.673528807,,31.49946634,1452.234089
F2_T1_stim_2024_07_03-20_23_04.h5,0,0,2,1017,1089,opto_es,o,59.99,0.73,124.2064014,172.5088909,0.103312899,12.5,5.399756494,3.835227273,5.399756494,5.399756494,25.79000467,-25.79000467,12.40361704,11.8839568,-5.853979741,2.0,2.739726027,27.93850647,0.749543733,0.749543733,0.35,11.65140959,-11.65140959,9.5,102.9319743,42610.26366,1,-77.67755959,1017,0.923098903,-1.039917438,618.7901861,2311.885165
F2_T1_stim_2024_07_03-20_23_04.h5,0,0,3,2147,2158,opto_es,o,59.99,0.12,34.98681763,318.0619784,0.177784849,,,,,,,,,,,0.0,0.0,0.452342324,0.183291219,-0.183291219,,,,10.58,101.1555283,42605.40749,0,-0.182159032,2147,0.403656414,,1.460701689,993.7856805
F2_T1_stim_2024_07_03-20_23_04.h5,0,0,4,2385,2396,opto_es,o,59.99,0.12,5.871813432,53.38012211,0.028666969,,,,,,,,,,,0.0,0.0,0.302783269,0.008075477,0.008075477,,,,2.27,99.30614327,42602.55063,0,-1.259804295,2385,0.397618394,,1.986720287,720.6121052
F2_T1_stim_2024_07_03-20_23_04.h5,0,0,5,2676,2731,opto_es,o,59.99,0.56,88.08602461,160.1564084,0.094329924,16.66666667,9.426523297,10.0,9.426523297,9.426523297,5.949896912,-5.949896912,2.250502713,0.693187798,-0.10842343,1.5,2.678571429,9.26670233,0.1654662,-0.1654662,0.03,0.10842343,-0.10842343,2.8,102.234888,42608.09871,0,1.486893783,2676,0.773954443,-6.393339528,209.1016274,3707.184036
F2_T1_stim_2024_07_03-20_23_04.h5,0,0,7,3038,3116,opto_es,o,59.99,0.79,136.2420291,174.669268,0.108322407,16.66666667,9.021680217,5.555555556,7.110433604,9.021680217,7.806029425,-7.806029425,6.142796363,6.0797718,-4.042460304,2.5,3.164556962,11.32817346,0.013398721,-0.013398721,0.41,7.376680056,-7.376680056,1.15,102.0248139,42607.03293,0,-33.24123222,3038,0.732475465,-0.733262143,340.6907836,2028.090715
F2_T1_stim_2024_07_03-20_23_04.h5,0,0,8,3212,3323,opto_es,o,59.99,1.12,214.6715895,193.3978284,0.111420543,16.66666667,10.54065801,11.25,9.334935897,11.77884615,8.747941524,-8.747941524,5.573597571,5.629743699,2.325080891,7.0,6.25,10.55275881,0.118316038,0.118316038,0.26,4.798037069,-4.798037069,0.96,101.6801062,42606.82123,0,10.60567773,3212,0.961266478,-1.342414531,499.269397,3283.614951
F2_T1_stim_2024_07_03-20_23_04.h5,0,0,9,3535,3668,opto_es,o,59.99,1.34,178.1939742,133.9804318,0.079222623,16.66666667,12.23667597,16.66666667,10.11284722,12.2974537,11.05070079,-11.05070079,5.010324689,5.031099385,-1.486234954,9.5,7.089552239,11.05070079,0.015114625,0.015114625,0.32,5.809167343,-5.809167343,2.12,102.1980578,42607.31798,0,1.765834327,3535,0.918485618,-1.074635719,525.3935454,2398.936389
F2_T1_stim_2024_07_03-20_23_04.h5,0,0,10,3840,3933,opto_es,o,59.99,0.94,139.957451,150.4918828,0.089260157,25.0,12.45949074,12.5,6.753472222,9.363425926,6.203060913,6.203060913,3.76907764,4.390858873,0.251244329,6.0,6.382978723,7.620535667,0.006627413,-0.006627413,0.3,5.61461191,-5.61461191,1.72,101.9927091,42606.87737,0,7.439127424,3840,0.990752718,-1.10480671,282.6027383,1856.410715
F2_T1_stim_2024_07_03-20_23_04.h5,0,0,11,4080,4180,opto_es,o,59.99,1.01,86.32570984,86.32570984,0.052267738,16.66666667,8.840811966,9.027777778,8.840811966,8.840811966,6.689618381,-6.689618381,4.721926896,4.185954617,-0.049176395,2.0,1.98019802,10.84165226,0.024977472,-0.024977472,0.78,6.689618381,-6.689618381,1.47,101.6077585,42606.1911,0,-11.60383032,4080,0.911306853,-0.664817665,294.2078559,1974.138333
F2_T1_stim_2024_07_03-20_23_04.h5,0,0,12,4256,4375,opto_es,o,59.99,1.2,229.9924693,193.2709826,0.121589593,25.0,12.54080778,16.66666667,9.487179487,11.18589744,8.818855018,8.818855018,6.673958643,6.74149773,-1.442095388,7.5,6.25,10.37333662,0.020505869,-0.020505869,0.39,7.870237089,-7.870237089,0.76,101.2687459,42606.35607,0,-7.731042323,4256,0.91925425,-1.120532319,577.1512519,3383.722397
F2_T1_stim_2024_07_03-20_23_04.h5,0,0,13,4445,4510,opto_es,o,59.99,0.66,106.0408881,163.1398279,0.100828927,6.25,5.075396825,5.0,5.094246032,5.075396825,10.37063467,10.37063467,6.834654239,7.424613331,-2.045999144,2.5,3.787878788,11.49986001,0.151962316,0.151962316,0.08,2.045999144,-2.045999144,0.7,101.7108085,42606.54356,0,10.25925925,4445,0.901805297,-5.068738521,254.2539831,1749.686093
F2_T1_stim_2024_07_03-20_23_04.h5,0,0,14,4641,4718,opto_es,o,59.99,0.78,67.7638826,88.00504234,0.053606034,16.66666667,11.93287037,16.66666667,9.973958333,12.20486111,8.075425679,-8.075425679,5.110005737,5.404290436,1.961606547,4.5,5.769230769,10.65044619,0.012337378,0.012337378,0.32,7.688908925,7.688908925,1.31,102.6665163,42607.98682,0,-23.00623173,4641,0.850143766,-0.955831957,288.9902613,1517.087207
F2_T1_stim_2024_07_03-20_23_04.h5,0,0,15,4826,4960,opto_es,o,59.99,1.35,171.9516492,128.3221263,0.075693246,16.66666667,9.585222978,9.027777778,5.076058201,7.087742504,11.25255323,-11.25255323,8.329676621,8.392693667,0.683933266,7.0,5.185185185,11.87255777,0.115831395,0.115831395,0.27,9.155524624,9.155524624,1.08,102.0549411,42607.2109,0,-88.78446709,4826,0.868174069,-0.777923011,719.2935934,1766.839399
F2_T1_stim_2024_07_03-20_23_04.h5,0,0,16,5126,5233,opto_es,o,59.99,1.08,129.1295178,120.6817924,0.06957864,16.66666667,8.853438228,8.522727273,8.445512821,6.943473193,12.93664736,-12.93664736,7.926450111,8.193199361,-0.249247358,4.0,3.703703704,12.93664736,0.014755063,0.014755063,0.39,12.42585182,-12.42585182,1.66,101.7300085,42606.69035,0,-83.23607209,5126,0.699291635,-0.389790686,492.7563998,2284.248189
F2_T1_stim_2024_07_03-20_23_04.h5,0,0,17,5344,5491,opto_es,o,59.99,1.48,162.8866047,110.8072141,0.065544202,16.66666667,10.48504274,12.5,7.425213675,6.431623932,12.83926772,-12.83926772,8.977700326,9.232936692,-1.325077618,10.0,6.756756757,12.83926772,0.011839694,-0.011839694,0.26,10.6658222,-10.6658222,1.11,102.0716671,42607.55702,0,-82.97784603,5344,0.816538832,-0.922246962,866.4062148,3523.911325
F2_T1_stim_2024_07_03-20_23_04.h5,0,0,18,5572,5644,opto_es,o,59.99,0.73,201.319033,279.6097681,0.173734219,16.66666667,9.566080055,10.0,7.057453416,9.566080055,10.9344054,10.9344054,7.344002301,7.603601891,7.113148726,3.0,4.109589041,14.31886232,0.018467107,0.018467107,0.46,10.36540112,10.36540112,0.81,101.4233722,42608.01107,0,-25.50878836,5572,0.763636465,0.918775445,404.4544843,4052.929983
F2_T1_stim_2024_07_03-20_23_04.h5,0,0,6,2882,2923,opto_es,o,59.99,0.42,54.52440288,132.9863485,0.081595288,12.5,6.985294118,6.985294118,6.985294118,6.985294118,1.783748916,-1.783748916,1.206396128,1.206396128,-0.577352787,1.0,2.380952381,8.622378676,0.014355026,-0.014355026,0.04,0.629043341,0.629043341,1.51,101.8441003,42606.64745,0,-10.22105382,2882,0.982152888,-2.835653443,128.4022927,1933.949432
F1_T5_stim_2024_07_03-16_41_38.h5,0,0,5,3486,3489,opto_es,o,59.99,0.04,0.471595667,15.71985556,0.007216908,,,,,,,,,,,0.0,0.0,1.549065707,0.04614134,-0.04614134,,,,1.14,-0.737713228,44614.54377,0,-1.043124587,3486,0.250062506,,2.178332614,33.34765842
F1_T5_stim_2024_07_03-16_41_38.h5,0,0,6,3562,3631,opto_es,o,59.99,0.7,140.1030224,203.0478586,0.125180237,8.333333333,4.583333333,4.166666667,4.583333333,4.583333333,7.964153174,-7.964153174,6.467359417,6.678514868,-6.678514868,1.5,2.142857143,17.45427094,0.101068292,0.101068292,0.4,6.678514868,-6.678514868,0.73,-1.109333595,44608.71379,0,-43.49246753,3562,0.879224503,1.192503623,371.5353435,3736.708375
F1_T5_stim_2024_07_03-16_41_38.h5,0,0,7,3749,3910,opto_es,o,59.99,1.62,452.7665632,281.2214678,0.170369662,16.66666667,7.378593629,5.555555556,7.228535354,8.985690236,24.20714254,24.20714254,7.878758365,5.21701554,-3.611966013,5.0,3.086419753,24.20714254,0.752468707,-0.752468707,0.44,10.81437807,-10.81437807,1.18,-0.980862424,44609.24824,0,-77.15111329,3749,0.6583062,-0.249113869,1029.630301,6005.953776
F1_T5_stim_2024_07_03-16_41_38.h5,0,0,8,4024,4148,opto_es,o,59.99,1.25,441.3402697,355.9195723,0.217735793,16.66666667,6.325185988,3.571428571,3.420265956,7.141288415,14.57600143,-14.57600143,6.9764533,6.413173106,-6.413173106,3.5,2.8,31.5809478,0.021192415,-0.021192415,0.17,12.0916558,-12.0916558,1.14,-1.120754791,44608.65123,1,-325.9611711,4024,0.561924629,-0.263933444,792.3776214,6778.23991
F1_T5_stim_2024_07_03-16_41_38.h5,0,0,9,4300,4386,opto_es,o,59.99,0.87,185.1133111,215.2480361,0.134794106,16.66666667,7.241013072,5.555555556,6.55126634,7.241013072,5.175031199,-5.175031199,2.821350708,3.349734395,0.945621871,2.5,2.873563218,18.61244158,0.002368831,0.002368831,0.48,3.349734395,3.349734395,1.52,-1.144011684,44608.42209,0,-95.84233199,4300,0.902393115,-1.544907921,370.1097387,3548.29127
F1_T5_stim_2024_07_03-16_41_38.h5,0,0,10,4405,4470,opto_es,o,59.99,0.66,140.7781391,216.5817524,0.132571098,16.66666667,8.192640693,7.142857143,6.074134199,8.192640693,30.39522682,30.39522682,10.97793912,4.164994759,-3.194067929,2.5,3.787878788,30.39522682,0.485367239,-0.485367239,0.22,15.31587191,-15.31587191,0.19,-1.115963657,44609.6082,1,139.2139394,4405,0.503890693,-1.984557392,489.3778412,7315.833059
F1_T5_stim_2024_07_03-16_41_38.h5,0,0,11,4628,4634,opto_es,o,59.99,0.07,8.249340302,137.489005,0.126252098,,,,,,,,,,,0.0,0.0,0.654522228,0.450213066,0.450213066,,,,1.58,0.121677049,44613.26306,0,-0.08314197,4628,0.921886672,,2.10721979,2952.57402
F1_T5_stim_2024_07_03-16_41_38.h5,0,0,12,4650,4653,opto_es,o,59.99,0.04,17.7744393,592.4813099,0.272002309,,,,,,,,,,,0.0,0.0,0.845628676,0.350928467,-0.350928467,,,,0.16,-1.239212986,44607.7915,0,-0.482207908,4650,0.358344377,,1.390013076,1189.967101
F1_T5_stim_2024_07_03-16_41_38.h5,0,0,13,4768,4770,opto_es,o,59.99,0.03,0.111480902,5.574045097,0.001706317,,,,,,,,,,,0.0,0.0,1.4246756,0.003945564,-0.003945564,,,,1.15,-2.352294515,44592.83625,0,1.485318719,4768,-0.021275149,,1.485318719,431.3097134
F1_T5_stim_2024_07_03-16_41_38.h5,0,0,14,4788,4997,opto_es,o,59.99,2.1,936.7814828,448.2208052,0.27394738,16.66666667,9.026770987,7.142857143,5.393049933,7.299070325,30.55416693,30.55416693,9.527289994,7.605233402,-7.098206645,7.5,3.571428571,30.55416693,0.076090255,-0.076090255,0.26,8.739823918,-8.739823918,0.18,-0.421819336,44614.44071,1,-82.45675995,4788,0.556731545,-0.271052875,1183.602148,8026.042514
F1_T5_stim_2024_07_03-16_41_38.h5,0,0,15,5271,5405,opto_es,o,59.99,1.35,454.4078895,339.1103653,0.2083031,25.0,8.491354875,5.0,4.095982143,9.675099206,13.04636113,-13.04636113,6.506179039,7.431463362,-7.431463362,3.5,2.592592593,14.31651189,0.129163548,0.129163548,0.32,10.33662383,-10.33662383,2.74,-1.252460532,44607.38362,0,-372.9484602,5271,0.638039659,-0.196299049,620.1318288,8096.975654
F1_T5_stim_2024_07_03-16_41_38.h5,0,0,16,5487,5542,opto_es,o,59.99,0.56,207.2034389,376.7335253,0.226318608,5.0,3.235294118,3.235294118,3.235294118,3.235294118,7.258043633,-7.258043633,4.226326437,4.226326437,-3.031717196,1.0,1.785714286,13.53719986,0.287421747,-0.287421747,0.34,1.194609242,1.194609242,0.82,-1.433390411,44604.60988,0,-156.2086172,5487,0.415633364,-6.075663389,243.2411182,7539.008648
F1_T5_stim_2024_07_03-16_41_38.h5,0,0,17,5675,5755,opto_es,o,59.99,0.81,256.7362641,320.9203301,0.193437355,4.545454545,2.840909091,2.840909091,2.840909091,2.840909091,6.562859145,-6.562859145,3.649496623,3.649496623,-2.913362522,1.0,1.234567901,14.18498604,0.03428259,-0.03428259,0.44,6.562859145,-6.562859145,1.33,-0.627252871,44612.38455,0,-156.5295269,5675,0.887431201,-0.112166677,301.0948871,5607.013389
F1_T5_stim_2024_07_03-16_41_38.h5,0,0,18,5775,5777,opto_es,o,59.99,0.03,8.730227822,436.5113911,0.132980541,,,,,,,,,,,0.0,0.0,0.092085643,0.05439334,0.05439334,,,,0.2,-0.893017175,44615.69253,0,-0.261001262,5775,-0.882930681,,0.261001262,612.4238964
F1_T5_stim_2024_07_03-16_41_38.h5,0,0,19,5827,5914,opto_es,o,59.99,0.88,180.4173822,207.3763014,0.124551594,25.0,10.86400104,12.5,10.76785714,12.03968254,11.69883002,-11.69883002,4.964080803,4.461832495,-2.042864765,4.0,4.545454545,22.37906109,0.525278463,0.525278463,0.25,11.69883002,-11.69883002,0.5,-1.099990714,44609.49218,0,-41.61034062,5827,0.522757857,-0.298144275,328.3757463,4391.497818
F1_T5_stim_2024_07_03-16_41_38.h5,0,0,20,5961,5985,opto_es,o,59.99,0.25,30.807754,128.3656417,0.078528107,,,,,,,,,,,0.0,0.0,0.413552193,0.07910973,0.07910973,,,,0.47,-0.392822522,44619.87259,0,-6.756464077,5961,-0.028321897,,6.756464077,1889.510517
